REGION-CENTROID-COL,REGION-CENTROID-ROW,SHORT-LINE-DENSITY-5,SHORT-LINE-DENSITY-2,VEDGE-MEAN,VEDGE-SD,HEDGE-MEAN,HEDGE-SD,INTENSITY-MEAN,RAWRED-MEAN,RAWBLUE-MEAN,RAWGREEN-MEAN,EXRED-MEAN,EXBLUE-MEAN,EXGREEN-MEAN,VALUE-MEAN,SATURATION-MEAN,HUE-MEAN,target
0.20717337842359762,0.03857704289194574,-0.2864986778167932,-0.21109926524453004,-0.5216099290417763,-0.13004814010015442,-0.40380530355704036,-0.1163082740036028,-0.7990714398885395,-0.72127138779854,-0.8296976128007938,-0.8294957007511482,1.3680652359132806,-0.8696306320733114,0.0455833073796007,-0.8583422222269171,0.5384370736517905,0.14016824716539783,BRICKFACE
0.8549114846611484,0.17617668632818503,-0.2864986778167932,-0.21109926524453004,-0.5040191371208325,-0.1253648588389669,-0.4385400769936288,-0.11870413999370569,-0.7866227130000878,-0.6931345097537014,-0.827161084942354,-0.8205005533489614,1.5026335364436965,-0.9288525028457746,0.005193062649486101,-0.8429226665864398,0.5074048414164395,0.2664990521069265,BRICKFACE
-0.2651356573746165,0.2793764189053645,-0.2864986778167932,-0.21109926524453004,-0.5216099543725693,-0.12902633383548742,-0.36907058222258604,-0.11414058810119398,-0.8009866266517591,-0.7150187632393478,-0.8398437105373134,-0.8294957007511482,1.4449614237107535,-0.9288525028457746,0.06577847518372884,-0.8634820733360993,0.4812215246834191,0.24012452507420237,BRICKFACE
-1.2232482728509937,0.24497650804630466,-0.2864986778167932,-0.21109926524453004,-0.45124659037514775,-0.12766392411848615,-0.31117932789636144,-0.11463497118574724,-0.8076897803230281,-0.7087661217980371,-0.8575993872834058,-0.835492470183515,1.5699176780580857,-1.011763097409375,0.07587605454188572,-0.8583422222269171,0.6615964570294124,0.38227755297736576,BRICKFACE
-1.1557755534512488,-0.20222233312147303,-0.2864986778167932,-0.21109926524453004,-0.38088332453454926,-0.1228954923850561,-0.3574923105164875,-0.11509132881467336,-0.8029018134149788,-0.7306503471468196,-0.8296976128007938,-0.8324940868166043,1.3200051261093266,-0.8459418976222404,0.055680895825571744,-0.8557722943593951,0.6144661438014326,0.10556896987739732,BRICKFACE
-1.4661500626900752,0.09017690918053547,-0.2864986778167932,-0.21109926524453004,-0.4512466537021304,-0.12970753922277303,-0.40380530355704036,-0.1163082740036028,-0.81535054547444,-0.7337766622401022,-0.8525263452637658,-0.8414892342187912,1.4161253457172345,-0.9288525028457746,0.09607115873131461,-0.8737617639898078,0.6082598381168416,0.22738574660086575,BRICKFACE
-1.3312046238905855,-0.9590203720207892,3.4737964685286187,-0.21109926524453004,-0.29292919711332605,-0.1110595344405506,-0.0333012029262149,-0.08679730943041747,-0.4418887465774037,-0.37737640396352634,-0.4137073476388131,-0.5326557339342606,0.9547483227422247,-0.1648906022675605,-0.7218321603958507,-0.43944466444841984,0.060303442068687846,-0.1813543014315958,BRICKFACE
-1.4931391504499731,-0.21942228855100293,-0.2864986778167932,-0.21109926524453004,-0.06424837019440187,-0.008453176304222824,0.013011758853057517,-0.10900658438764027,-0.49551402765764985,-0.39613426638635746,-0.5151683934902065,-0.5626395406179147,1.3200051261093266,-0.5439104707439717,-0.4592952970156813,-0.5422416172441271,-0.2392165916777181,-0.0030128649006243065,BRICKFACE
-1.53362278208982,-0.2538221994100628,-0.2864986778167932,-0.21109926524453004,-0.18738417328163762,-0.1131031745126839,-0.2532880631497099,-0.10972915563052951,-0.502217207183966,-0.3930079794299389,-0.5227780090257513,-0.5776314709451948,1.4161253457172345,-0.5557548299745568,-0.5400757864759101,-0.5499514262889363,-0.15164416245624485,0.02453757186957296,BRICKFACE
-0.535026534973596,-0.37422188741677215,-0.2864986778167932,-0.21109926524453004,-0.18738420494512895,-0.10186332482153063,-0.2764445648801998,-0.10699102679915994,-0.4083729265109645,-0.3304816494274245,-0.39341513846853443,-0.49667511194296954,1.050868540619969,-0.2300345780357783,-0.7117344174570387,-0.41888527388927843,-0.0811056647727234,-0.13992633163796148,BRICKFACE
-1.4391609749301773,0.382576151482544,-0.2864986778167932,-0.21109926524453004,-0.4864282882056042,-0.13106994838799865,-0.41538357526313896,-0.11566177123023452,-0.857484687876835,-0.7712924911921613,-0.9134029613602356,-0.8654763038526222,1.4930215248638885,-1.0946736962369488,0.2980226095772416,-0.9097406963118396,0.779907188834352,0.49342994444836724,BRICKFACE
-1.3716882555304324,-1.165419837175148,-0.2864986778167932,-0.21109926524453004,0.09406883308647201,-0.0470263793141847,-0.17224038003598316,-0.11144048564957086,-0.3528324586674986,-0.3179763609174303,-0.2944906843960317,-0.45169937493203527,0.6087155511855578,0.11937433906450036,-0.8430028945861945,-0.3186583114102344,0.052082121494312135,-0.27623726102535967,BRICKFACE
0.9628678357007402,0.10737686461006539,-0.2864986778167932,-0.21109926524453004,-0.3457017090291703,-0.12153308528898898,-0.4038053139774672,-0.11767734072958583,-0.7952410534345764,-0.7056397982636955,-0.8373071826788735,-0.823498936715872,1.4737974584501776,-0.9466190576815532,0.06577847518372884,-0.8480625315732088,0.514193199952533,0.2613911180339573,BRICKFACE
-0.6024992543733408,-0.11622255597382347,-0.2864986778167932,-0.21109926524453004,-0.13461174052452168,-0.09394431710858711,-0.21855325845184104,-0.11052777573107457,-0.39783942516830323,-0.3304816494274245,-0.37565949824841394,-0.4846815622840548,0.9451363111624168,-0.1708127818828531,-0.7016368562745103,-0.40089585051748866,-0.06979179253026693,-0.18715163929705686,BRICKFACE
-1.6550736770093608,-1.3546193468999772,-0.2864986778167932,-0.21109926524453004,0.07647837046583784,-0.07657362077111551,-0.04487936000761841,-0.10379654762913876,-0.47444697326223306,-0.4399027339660408,-0.4289265558811702,-0.5566427792811838,0.7048357707934659,-0.07013556852387026,-0.6208563668142811,-0.4548642594087268,0.15154488929885127,-0.26505498607109373,BRICKFACE
-0.06271749917538187,0.22777655261677476,-0.2864986778167932,-0.21109926524453004,-0.416064981202467,-0.12187368349945493,-0.33433578794514396,-0.11493920953657805,-0.7971562531253197,-0.7087661217980371,-0.8398437105373134,-0.823498936715872,1.4641854295687313,-0.9525412479567796,0.08597357937315775,-0.8532023734306663,0.46764467564640727,0.2666341677089189,BRICKFACE
0.28814064170329146,0.021377087462415824,-0.2864986778167932,-0.21109926524453004,-0.45124668536562174,-0.1276639261876447,-0.46169660998539913,-0.1183999030803938,-0.8029018134149788,-0.7181450670778848,-0.8373071826788735,-0.835492470183515,1.4353493948293075,-0.899241578119477,0.02538818501454344,-0.8609121477815083,0.6169876396866979,0.2024279390391707,BRICKFACE
-1.3716882555304324,-0.6494211742892507,-0.2864986778167932,-0.21109926524453004,-0.15220255144356035,-0.10731292745627055,-0.17224023415000772,-0.10961506591525821,-0.49455643427603996,-0.39613426638635746,-0.5050222774907009,-0.571634709608464,1.3103931058786995,-0.47876638837641416,-0.5602709088409675,-0.5319619103999007,-0.10327892240291094,-0.02979961315438682,BRICKFACE
0.18018429066369968,-0.11622255597382347,-0.2864986778167932,-0.21109926524453004,-0.4160650002005618,-0.1280045271569887,-0.45011831743844694,-0.11737310371359401,-0.7914106773226324,-0.7150187632393478,-0.8170149849229611,-0.8264973173842376,1.3488412041028457,-0.8281753427864619,-0.004904589411184102,-0.8454925875151685,0.597980482119974,0.09575907698209675,BRICKFACE
1.4081877837390564,0.021377087462415824,-0.2864986778167932,-0.21109926524453004,-0.32811081895140337,-0.1297926915572582,-0.3574923105164875,-0.11600403832244997,-0.8067321869414182,-0.7275240320535371,-0.8423802406786264,-0.8324940868166043,1.3872892850253538,-0.9110859426800291,0.09607115873131461,-0.8634820733360993,0.5394070151100455,0.19413471396671003,BRICKFACE
-1.3851827994103814,-0.11622255597382347,-0.2864986778167932,-0.21109926524453004,-0.48642835469893597,-0.12902633443324432,-0.4732748504302172,-0.11813369548347412,-0.8134353509547061,-0.7369029857744438,-0.8449167639713197,-0.8414892342187912,1.3680652359132806,-0.887397208228958,0.07587605454188572,-0.8686219105676944,0.6693547130354864,0.15440091554898394,BRICKFACE
-0.04922295529543289,-1.0794200600274986,-0.2864986778167932,-0.21109926524453004,0.11165992897693251,-0.07793601453260533,0.05932478315489085,-0.08999178962723789,-0.2676065959941273,-0.23356576898821013,-0.20063925408018293,-0.3767397502810877,0.531819389340542,0.2496624504999458,-0.984368842019737,-0.2235711676593362,-0.004090993339014719,-0.27941141957658094,BRICKFACE
-1.2367428167309427,0.45137597320066364,-0.2864986778167932,-0.21109926524453004,-0.43365581111960044,-0.12570546739522556,-0.3922270589440515,-0.11794354900419297,-0.8182233152772507,-0.8119346239827573,-0.8068688689234554,-0.8294957007511482,0.7240598199055389,-0.591287907666312,0.24753475822552756,-0.8377828247289824,0.6822963273968214,-0.41381508354658036,BRICKFACE
-0.6024992543733408,-0.4774216199939516,-0.2864986778167932,-0.21109926524453004,-0.2225658584466975,-0.10833473772131073,-0.3459141534350839,-0.11383635529507899,-0.40550014636613496,-0.32735527806041387,-0.3959517074186927,-0.48767994295242023,1.050868540619969,-0.26556770902720345,-0.6511490503618669,-0.4214552410766302,-0.14425641968839667,-0.14552340086316504,BRICKFACE
-0.3865865522941572,-0.6666211297187806,-0.2864986778167932,-0.21109926524453004,-0.13461161387055648,-0.10211876934106301,-0.20697512221129113,-0.09603846649987573,-0.34229893146979035,-0.2648289480578994,-0.3198559173229644,-0.4397058252731205,0.9931964123155518,-0.12343523836117294,-0.8329053334036657,-0.34435752069752174,-0.1075036002982528,-0.16574886622700707,BRICKFACE
0.2746460978233425,-0.35702193198724225,-0.2864986778167932,-0.21109926524453004,-0.32811092660727376,-0.11753098872350158,0.001433476726532176,-0.10425288595423947,-0.36240841833864434,-0.3054711005443002,-0.3249289410796185,-0.457696109283313,0.8201800395134469,-0.03460254413178497,-0.8026125589779382,-0.3494973394256678,-0.02405120086648937,-0.22126579578340877,BRICKFACE
-1.4391609749301773,0.26217646347583456,-0.2864986778167932,-0.21109926524453004,-0.32811086961298946,-0.11855281738106216,-0.36907058222258604,-0.11642236495103316,-0.8105625604678577,-0.72127138779854,-0.8550628731222054,-0.835492470183515,1.4834094873316237,-0.9762299877378179,0.10616873808947172,-0.8686219105676944,0.5306788616339909,0.3067128155150051,BRICKFACE
0.18018429066369968,0.17617668632818503,-0.2864986778167932,-0.21109926524453004,-0.39847415761803184,-0.12127763640123301,-0.29960106661068964,-0.11733507579364874,-0.7923682681187375,-0.7087661217980371,-0.824624554801041,-0.8264973173842376,1.4161253457172345,-0.875552822348538,0.005193062649486101,-0.8480625315732088,0.5937136194691464,0.16848589943736905,BRICKFACE
-0.04922295529543289,-0.1678224222624132,-0.2864986778167932,-0.21109926524453004,-0.06424849684836707,-0.09632850504166178,0.07090291939544076,-0.10379653736114651,-0.4351855670510875,-0.3648711154535322,-0.4238534636383186,-0.5116670422702497,1.0028084325461786,-0.2774121215574585,-0.5804661220841665,-0.44972437129264625,-0.1171903462576771,-0.1572469718764812,BRICKFACE
-0.4000810961741062,-1.1310199263160883,-0.2864986778167932,-0.21109926524453004,-0.029066970000763737,-0.053072049049012464,-0.10277085400365991,-0.1018570368447158,-0.27909769071839857,-0.23356576898821013,-0.2183948258141061,-0.39173165362291473,0.6471636407588849,0.19636278066264312,-1.0146616164454645,-0.24156052164319156,0.010824330922114319,-0.25562312187714353,BRICKFACE
0.20717337842359762,-1.6814185000610455,-0.2864986778167932,-0.21109926524453004,-0.2929295929069675,-0.09777601019128829,-0.31117939041892234,-0.11828582384874256,2.3504563465420234,2.3862889803214897,2.244571848209103,2.4177537041953308,-1.5828252084613192,1.1853677358105539,-0.3583195034341115,2.2538352906353074,-1.1029029646475976,-0.6503469045210276,SKY
0.23416246618349557,-1.5438188566248061,-0.2864986778167932,-0.21109926524453004,-0.45124705899481926,-0.11715853213873666,-0.4385398164829583,-0.11591304337530346,1.9003869400844486,1.795414836816949,1.9325790951193775,1.9440092617536118,-2.5151911967845946,1.7835083566521286,-0.3987098390423676,1.9377346232033763,-0.7717908159048122,-0.6846335626539676,SKY
-0.7914228686926265,-1.406219213188567,-0.2864986778167932,-0.21109926524453004,-0.4160647342272347,-0.12396095706735184,-0.46169596391893625,-0.11613759964210763,1.8774047764909538,1.7485201104177106,1.9376520960472996,1.911027074401591,-2.7170439590097053,1.9611741182085936,-0.489587980563267,1.9428744188022111,-0.7090232428504933,-0.6825343009801066,SKY
0.5445369754223219,-0.40862179827583195,-0.2864986778167932,-0.21109926524453004,-0.32811032500093873,-0.12059643285319945,-0.3806486455201482,-0.1146349778599422,1.4560633007569108,1.2952038591544646,1.6890725394185688,1.3203453271409196,-2.668983468569712,2.825813248135692,-2.014321173175358,1.6910218902350562,-0.40826683066566627,-0.5562114734381448,SKY
1.3946932398591074,-1.767418277208695,-0.2864986778167932,-0.21109926524453004,-0.275338639502218,-0.12021521889975403,-0.36907057180215924,-0.11177329078694594,2.272891205066484,2.2799940983286997,2.203987384211081,2.32480379553419,-1.784677711161858,1.380799929613557,-0.4794904193807386,2.212716463258402,-1.0308148920094298,-0.6461492789513925,SKY
-0.008739323655585971,-1.6126186783429257,-0.2864986778167932,-0.21109926524453004,-0.2929287854879389,-0.1151468743605085,-0.322758005999106,-0.11018541417333062,2.3619473637011525,2.4269309921235704,2.2572543505289073,2.3997634471705904,-1.3233006362819333,1.2031342213567615,-0.6612467024225374,2.266684779632394,-1.1331998888822141,-0.596849719150841,SKY
0.4230860805027812,-1.561018812054336,-0.2864986778167932,-0.21109926524453004,-0.3632938466484951,-0.12774904815148058,0.0014331641137275094,-0.10881647251149294,2.5649575742831967,2.7239316294070095,2.3358867780609907,2.6576248323008884,-0.62162309889043,0.4983941542412416,-0.19675834275737003,2.3463525365867883,-1.3644057096531834,-0.6030232260344736,SKY
-1.3986773432903303,-0.5634213971416012,-0.2864986778167932,-0.21109926524453004,-0.3984737649907395,-0.1304739008069731,-0.3806486455201482,-0.11372226321816949,1.9750793272702063,2.0517727588767083,1.9300425946554174,1.9350140387921555,-0.9003718672458134,1.3038113281164048,-1.2771985707037758,1.9351647254039597,-1.0712596033111337,-0.4857091526997763,SKY
-1.574106413729667,-1.4406191240476267,3.4737964685286187,-0.21109926524453004,-0.16979285574673786,-0.10552479512795848,-0.16066201454604326,-0.11231517688931489,1.9722065729804237,1.957983446762552,2.0086747939001763,1.9230206240605063,-1.736617480246437,1.8723413173798664,-1.3680767122246753,2.014832251065239,-0.8809823384711626,-0.5500561144972572,SKY
-0.03572841141548392,-1.9222178760744641,-0.2864986778167932,-0.21109926524453004,-0.29292919711332605,-0.12434294672534499,0.05932509576769551,-0.06763038409712835,2.749773071078851,2.924015682829636,2.439884210232683,2.921482385087952,-0.631235110470238,0.08384126137274517,0.5201691646125974,2.4517192715353557,-1.4536242504970716,-0.7575005026177134,SKY
-1.088302834051504,-0.7526209068664302,-0.2864986778167932,-0.21109926524453004,-0.4688376134395782,-0.12358082758289031,-0.3806486455201482,-0.1153577123639079,1.8266522238454428,1.7141303911598271,1.8843851297294736,1.8480609724241057,-2.5248034678889746,1.9019521088569895,-0.5905636832666952,1.8889061024282192,-0.7264712800069494,-0.6653612169827757,SKY
-1.587600957609616,-1.8018181880677548,-0.2864986778167932,-0.21109926524453004,-0.20497479421972833,-0.11472111280303575,-0.3459138825039866,-0.11566171947955368,2.6252856729190985,2.823973656118323,2.363788511451885,2.717592175813667,-0.3044264572321968,0.3207287124827958,-0.2270511171830976,2.3746216436734935,-1.437879861626404,-0.560607379710847,SKY
0.8549114846611484,-1.389019257759037,-0.2864986778167932,-0.21109926524453004,-0.3632922508085327,-0.11898120217175652,-0.19539652747196112,-0.10651469463958803,1.8572953671872414,1.7641515170629394,1.8767754000502659,1.9050300971812368,-2.3710111961038574,1.6591426380306555,-0.3381243810690542,1.8811961777368522,-0.797490569533497,-0.6861528596840599,SKY
0.3691079049829853,-1.8018181880677548,-0.2864986778167932,-0.21109926524453004,-0.36329263077042845,-0.12102525492606624,-0.42696147183387195,-0.11670817923804497,1.9396484755708299,1.8079199846426224,1.9731633308300753,2.0069751748329256,-2.793940051648169,1.8249637738581863,-0.1765632203923127,1.9788532192871673,-0.7414743608762064,-0.7147485025277626,SKY
-0.06271749917538187,-0.8386206840140797,-0.2864986778167932,-0.21109926524453004,-0.5040187381608419,-0.1294520796673552,-0.4385398164829583,-0.11870413769367542,1.6743946951841462,1.5796989265592702,1.80828920266135,1.5901998571483373,-2.2364425149374023,2.310583195207882,-1.59022333087473,1.8118082432732416,-0.644189892437327,-0.5644176140362319,SKY
0.24765701006344454,-1.6986184554905754,-0.2864986778167932,-0.21109926524453004,-0.20497520584511544,-0.11063385564941965,-0.35749248557965807,-0.10778956034053051,2.340880412725925,2.3831625245438874,2.229352617138013,2.4087587780738584,-1.5155412139108553,1.1379901922888738,-0.3482219422515829,2.2384156725456887,-1.1165688899409796,-0.6469483014482248,SKY
0.7604496775015055,-1.6470185892019855,-0.2864986778167932,-0.21109926524453004,-0.38088360000692373,-0.12085185989983745,-0.4385400769936288,-0.11687872617375657,2.6109221600206585,2.802089366054754,2.3409597789889127,2.7205905294965795,-0.36209852671104403,0.2496624504999458,-0.045294834141298784,2.3514923321856234,-1.4382716827849193,-0.5926198376971037,SKY
-0.23814656961471853,-1.7502183217791651,-0.2864986778167932,-0.21109926524453004,-0.39847578512148557,-0.11962337863075989,-0.29960106661068964,-0.11531087081015168,2.3188557908039455,2.3300152523686766,2.234425618065935,2.3847715168433106,-1.784677711161858,1.309733561031367,-0.3583195034341115,2.243555468144524,-1.0522361700827523,-0.6604917968965413,SKY
1.3677041520992095,-0.6838210851483105,-0.2864986778167932,-0.21109926524453004,-0.3281107239609294,-0.11957462074890722,-0.3227582769302033,-0.11429271672316224,1.384243667860936,1.1701512554231634,1.663707192347974,1.2453856755045194,-3.1015244222020213,3.0923115973222055,-2.014321173175358,1.6653225653012116,-0.26906945427872536,-0.5762808536689779,SKY
-0.42707018393400414,-1.6126186783429257,-0.2864986778167932,-0.21109926524453004,-0.22256535183083645,-0.10322556224659708,-0.25328768801434437,-0.10334010046332037,2.3629050346479046,2.4206784182107337,2.2547176217776217,2.411756969844052,-1.3905848903569706,1.1794456094949315,-0.5501734385365806,2.264114650539862,-1.1293808268683494,-0.6139283440680888,SKY
-0.8723901319723203,-1.2170197034637378,-0.2864986778167932,-0.21109926524453004,-0.380883220045028,-0.11778635047669217,-0.3806488956103919,-0.11189681165308092,1.9271996581897135,1.9142148666354124,1.9452618257265066,1.8990333628299585,-1.688557595363779,1.7065201815523359,-1.135832623270233,1.9505843434935777,-0.9011036310607746,-0.5702734357313162,SKY
0.7334605897416075,-0.37422188741677215,-0.2864986778167932,-0.21109926524453004,-0.4688364038942099,-0.12263999866553167,-0.4153839212213094,-0.11611809394798706,2.529526334758113,2.6301416138712543,2.3561790100600017,2.612648717493612,-1.131060318177585,0.8596475904711153,-0.2775390139738823,2.3669119502752416,-1.2410125989765006,-0.6337911070850543,SKY
-0.17067385021497367,-1.5954187229133958,-0.2864986778167932,-0.21109926524453004,-0.43365528867199366,-0.12523846405936034,-0.28802270112074974,-0.11210895966735407,1.9693338186906417,1.9079622927225754,1.9655538294381931,2.0129719091842038,-2.1691584338787466,1.588076429347475,-0.4290025225899536,1.9711435258889158,-0.8702924399060463,-0.6700696782835323,SKY
-0.2921247451345144,-1.010620238309379,-0.2864986778167932,-0.21109926524453004,-0.39847415761803184,-0.1154205136808435,-0.2648668246158691,-0.11006713398775013,1.8534649419507077,1.7829095764438185,1.8767754000502659,1.8750464254248473,-2.1595464222989387,1.6828312498924858,-0.6006612444492238,1.8811961777368522,-0.8200884459798542,-0.6509180837649515,SKY
0.6659878703418627,-1.2514196143227976,-0.2864986778167932,-0.21109926524453004,-0.2929287854879389,-0.11402015545818943,-0.3459138825039866,-0.10972168535814206,1.8189913733723753,1.7360146530865328,1.866629398194423,1.8240737381790115,-2.2460546130254007,1.8249637738581863,-0.752124753065295,1.8709165865391835,-0.7737248043925061,-0.6392809559559477,SKY
-0.6024992543733408,-1.4234191686180968,-0.2864986778167932,-0.21109926524453004,-0.41606512685452707,-0.11829602560941072,-0.39222699016923457,-0.1115737919123015,1.903259823649467,1.779783120666216,1.9401885965112604,1.9590010031827203,-2.6882075782375185,1.8190416475425637,-0.2775390139738823,1.9454443166016284,-0.7441888773110785,-0.701738672024762,SKY
-0.7779283248126775,-0.8902205503026694,-0.2864986778167932,-0.21109926524453004,-0.08183927610391441,-0.11105951604803019,-0.2301318115094638,-0.11642237932622228,2.2977885812782457,2.3237626784558394,2.211596885602963,2.3517892485349314,-1.6308852663603592,1.2801228228539139,-0.46939276732006807,2.2204261566566537,-1.0713697939393845,-0.6408600834827936,SKY
-0.4405647278139531,-1.1482198817456182,-0.2864986778167932,-0.21109926524453004,-0.46883801873226716,-0.13081450133949477,-0.36907057180215924,-0.11368422164179455,2.298746252224997,2.3331413986407754,2.206523884675041,2.3517892485349314,-1.5539892602300869,1.2386674056478566,-0.4794904193807386,2.2152863610578186,-1.0872568191897587,-0.6325394120516937,SKY
-0.7779283248126775,-1.561018812054336,-0.2864986778167932,-0.21109926524453004,-0.31052016634982127,-0.1070602694035783,-0.17224010910488585,-0.10604222940589011,2.3044917608045616,2.3112573899458444,2.242035347745142,2.3487910567647385,-1.813513659393091,1.4518660849970673,-0.570368560901638,2.2512653928358906,-1.0231900524406747,-0.6370047678720737,SKY
0.004755220224363003,-1.3202194360409172,3.4737964685286187,-0.21109926524453004,-0.4160655258145177,-0.11743425464191311,-0.0911922384234763,-0.11147591022276601,2.2614001879073546,2.245604660439456,2.214133386066924,2.3098118921923634,-1.9865300408460147,1.5229322403805776,-0.5097831029283244,2.222996054456071,-0.9814068219265785,-0.6523580556884164,SKY
-0.31911383289441236,-0.03022277882617391,3.4737964685286187,-0.21109926524453004,-0.39847415761803184,-0.11210828285077709,-0.23013154057836643,-0.11038279250221958,-0.8708910081468965,-0.8963452102846047,-0.8677454964342917,-0.8414892342187912,0.47414725930596097,-0.6919650837155258,0.6817303071137106,-0.8994609964064066,1.8487756377076658,-0.755908293181609,FOLIAGE
-1.3986773432903303,-0.013022823396644,-0.2864986778167932,-0.21109926524453004,-0.46883748045291473,-0.1222146808276135,-0.4501183278588737,-0.11535770928351025,-0.9446257735104919,-0.9276083949816667,-0.9768161075980185,-0.913450444469557,0.9259122707011629,-0.9999187275188559,0.7322181639181132,-1.009967707362438,0.5820765213838207,-0.7080681999143975,FOLIAGE
-1.074808290171555,-0.5806213525711311,-0.2864986778167932,-0.21109926524453004,-0.3632925357799546,-0.12366184571561264,-0.3806488268355749,-0.1146349732393457,-0.8996188380357438,-0.924482076793329,-0.8575993872834058,-0.9164488281063221,0.5029833546011182,-0.4432332573849891,0.2273395904213995,-0.8891812965009737,2.4760158843308226,-0.5024398244815661,FOLIAGE
-1.4391609749301773,-0.6150212634301909,-0.2864986778167932,-0.21109926524453004,-0.117020929605483,-0.08637394651696202,-0.14908381578293242,-0.10156503876206312,-0.8833397350353481,-0.8932188951913221,-0.8753550777267377,-0.874471459350445,0.627939617599269,-0.6682763492644547,0.4797788744434121,-0.9071707707572487,1.9334621281875632,-0.570150696641514,FOLIAGE
-0.9803464830119121,-0.35702193198724225,-0.2864986778167932,-0.21109926524453004,-0.38088332453454926,-0.11983007791329736,-0.36907057180215924,-0.11368423088298756,-0.8842973335879675,-0.9088504847261668,-0.8601359151418455,-0.8804682260842664,0.49337132571967224,-0.5557548299745568,0.42929102309169803,-0.8917512220555647,2.09606430193289,-0.5908163297756817,FOLIAGE
-0.9533573952520141,-0.5462214417120712,-0.2864986778167932,-0.21109926524453004,-0.15220261477054295,-0.09607306282119447,-0.36907057180215924,-0.11687871703524347,-0.8747213894298499,-0.9119768026331357,-0.8220880315083476,-0.8924617595519093,0.3684150454198832,-0.3484783302406386,0.20714446805634215,-0.8532023734306663,2.2943427700203842,-0.5427233195961496,FOLIAGE
-0.6024992543733408,-0.6150212634301909,-0.2864986778167932,3.4831378765347463,7.1128102739922285,13.042064267282086,8.777749112282796,14.11531469330345,0.7847894870318469,0.7262140057134933,0.798751973362662,0.8166170510300933,-1.1791203760766242,0.7412038915659248,-0.025099711776241443,0.7889787422081183,-0.5144382502524506,-0.6936809854459506,FOLIAGE
0.20717337842359762,0.021377087462415824,-0.2864986778167932,-0.21109926524453004,-0.29292919711332605,-0.1212776315731964,-0.3111792862146541,-0.10870235712624106,-0.8938732777460848,-0.9213557586049916,-0.8652089731415983,-0.8924617595519093,0.47414725930596097,-0.5320660582137169,0.4090958916388266,-0.8968910754776779,2.4217094119365465,-0.5944988231047833,FOLIAGE
-0.7509392370527795,0.2793764189053645,-0.2864986778167932,-0.21109926524453004,0.28756797484033625,-0.09072732734726596,-0.1027707497993917,-0.10236664140631138,-0.49168365413121046,-0.4774185713591591,-0.4898031605632738,-0.5026718732797002,0.531819389340542,-0.3899335875476863,0.10616873808947172,-0.48570328742416025,-0.16107801982412653,-0.2324194059659186,FOLIAGE
-1.560611869849718,-0.7354209514369003,-0.2864986778167932,-0.21109926524453004,0.3227497866593615,0.1846683453398754,2.9307311227807546,0.6147726580103459,-0.3480444917594494,-0.4399027339660408,-0.2818080451038329,-0.3347623669530658,-0.5639511159197733,0.17859613521742573,0.2879250211312705,-0.3058086836372792,0.4003965888907958,-0.6997001386257405,FOLIAGE
-1.601095501489565,-0.7182209960073703,-0.2864986778167932,3.4831378765347463,0.6921571642575775,0.06945971271352633,0.649815775270492,0.1732111032084202,-0.6362803840295341,-0.7118924425186925,-0.5735084748796169,-0.6316023769466784,-0.17947022018650324,-0.08198003435379524,0.32831532038826994,-0.6013498448635113,0.9014322758401571,-0.6721559863021477,FOLIAGE
-0.6834665176530347,0.10737686461006539,-0.2864986778167932,-0.21109926524453004,-0.5392007969550994,-0.13081449602865447,-0.5195878413866848,-0.119198524320686,-0.9455833694776065,-0.9276083949816667,-0.9692065285884456,-0.9254439792864725,0.9355242822809707,-0.9406968674063266,0.6211448764038396,-1.0022579353245271,2.537110759249468,-0.4835162655969128,FOLIAGE
-1.1287864656913509,-0.8214207285845498,-0.2864986778167932,3.4831378765347463,4.263095422123923,0.30845929583382686,5.0032387675099015,0.2061321345379373,0.4630379039705588,0.40732944414571554,0.4892957207368977,0.4807979304350122,-0.8907596826496238,0.5635382899084694,-0.025099711776241443,0.47544797257560445,-0.5517377559211974,-0.6517593018318414,FOLIAGE
-1.1962591850910957,0.382576151482544,-0.2864986778167932,-0.21109926524453004,-0.5216099607052677,-0.1269827212601721,-0.27644454403934615,-0.0983202751804908,-0.9369650187010989,-0.9182294401352853,-0.9717430564468853,-0.9044552930195521,0.9355242822809707,-1.011763097409375,0.7423157360060187,-1.0048278608791181,-0.7538638344128694,-0.763465981493342,FOLIAGE
-0.41357564005405517,0.3653761960530141,-0.2864986778167932,-0.21109926524453004,-0.4688374899519621,-0.1287708833843672,-0.43854008324588484,-0.11779142880197836,-0.9293042638917058,-0.9276083949816667,-0.9260855915209414,-0.9254439792864725,0.772119929709493,-0.739342557947635,0.4494861727201978,-0.9585692379033777,2.537110759249468,-0.4835162655969128,FOLIAGE
-1.4391609749301773,-0.5634213971416012,-0.2864986778167932,-0.21109926524453004,-0.27533838619428735,-0.1228954923850561,-0.4038053139774672,-0.11722098464085853,-0.886212520351187,-0.9119768026331357,-0.8474532872640129,-0.8984585262857308,0.483759296838226,-0.455077669915244,0.26772986241495655,-0.8789016058472653,2.2122415144358665,-0.5283586137068673,FOLIAGE
-0.7644337809327285,-0.33982197655771235,-0.2864986778167932,-0.21109926524453004,-0.39847414178628615,-0.11821221457246611,-0.31117932789636144,-0.10961506108930186,-0.9034492219042022,-0.924482076793329,-0.8753550777267377,-0.9074536763864629,0.541431426872807,-0.5439104707439717,0.35860800393585596,-0.9071707707572487,2.482804154890367,-0.5419171148746266,FOLIAGE
-1.074808290171555,-0.2538221994100628,-0.2864986778167932,3.4831378765347463,7.464626175738088,0.1626788916915531,5.142177652847719,0.04407642794924997,0.3289747271249906,0.24788731811457868,0.3903712894931273,0.33087881606038233,-1.0157159196953176,0.6997485809592073,-0.12607541447966944,0.3752210332258718,-0.2826472710577815,-0.654155728052277,FOLIAGE
-0.8858846758522693,-0.40862179827583195,-0.2864986778167932,-0.21109926524453004,-0.36329248828471755,-0.11242197418334142,-0.3343358212905098,-0.11585191904435464,-0.906321999463527,-0.924482076793329,-0.8778916055851774,-0.913450444469557,0.5702674875646879,-0.5439104707439717,0.32831532038826994,-0.9097406963118396,2.4760158843308226,-0.5190091527158408,FOLIAGE
-0.7779283248126775,0.22777655261677476,-0.2864986778167932,-0.21109926524453004,1.5189263856745896,-0.04623834947871439,0.013011758853057517,-0.0866737177151361,-0.5577576750274318,-0.6743766191940062,-0.42638998693101193,-0.5956217819408403,-0.62162309889043,0.4628611298491565,-0.1361729756621982,-0.452294292221375,1.0450857964241786,-0.6201809836773308,FOLIAGE
1.3677041520992095,-0.21942228855100293,-0.2864986778167932,-0.21109926524453004,-0.5040191371208325,-0.1294520877140829,-0.43854008324588484,-0.11733507404809006,-0.9158979462071491,-0.924482076793329,-0.9032568522093498,-0.913450444469557,0.6663877071725961,-0.6623541696491622,0.42929102309169803,-0.9354399194767141,2.4393591353327353,-0.5230111267896631,FOLIAGE
1.4351768714989543,0.021377087462415824,-0.2864986778167932,-0.21109926524453004,0.4810673382386398,0.21251259804354145,-0.16066201454604326,-0.053445324306191914,-0.8814245482721283,-0.8869662593773844,-0.8702820197269849,-0.8804682260842664,0.6663877071725961,-0.6445875775036147,0.3989983122806696,-0.9020309173351354,2.0768570417043253,-0.49925418719624104,FOLIAGE
-0.2921247451345144,0.03857704289194574,-0.2864986778167932,-0.21109926524453004,-0.3105200080323647,-0.11246497934462693,-0.3690705447090495,-0.11240537504026431,-0.91302516089131,-0.9151031219469479,-0.9159394892186754,-0.8984585262857308,0.7240598199055389,-0.7689534826739326,0.5504618845114401,-0.9482895449367382,2.2019618945093504,-0.575324655880032,FOLIAGE
-1.6685682208893098,-0.7182209960073703,-0.2864986778167932,-0.21109926524453004,3.2428274389149427,6.0174811427358295,1.3792454443153737,1.9891625165255034,-0.40741533312935463,-0.5336922993119726,-0.30717330085949807,-0.40072682261346404,-0.8330876131707764,0.3681060961054661,0.24753475822552756,-0.3315079160538781,0.7568269809553516,-0.70412201633594,FOLIAGE
1.4216823276190054,0.021377087462415824,-0.2864986778167932,-0.21109926524453004,-0.5216099607052677,-0.1290263339734313,-0.4848530804546085,-0.11794354777203392,-0.9417529907801576,-0.9276083949816667,-0.9590604262861795,-0.9254439792864725,0.8970762013584628,-0.8933193878442505,0.5807545953224684,-0.9919782423578876,2.537110759249468,-0.4835162655969128,FOLIAGE
-0.8993792197322182,-0.23662224398053286,-0.2864986778167932,-0.21109926524453004,-0.32811085061489464,-0.12570546739522556,0.04774650102836551,-0.10227535998218162,-0.8479087540607364,-0.8869662593773844,-0.8119419155088421,-0.8444876202842472,0.32996699910065147,-0.4432332573849891,0.4090958916388266,-0.8429226665864398,1.9409922170125056,-0.604967749242455,FOLIAGE
-0.8858846758522693,-0.04742273425570382,-0.2864986778167932,-0.21109926524453004,0.07647821214838123,-0.08583481116469772,-0.24170986438659908,-0.1003032739924075,-0.46582860697269723,-0.6306081797511869,-0.24883321947008777,-0.5596411869350023,-1.1406722432492018,1.1379901922888738,-0.7420271918827662,-0.27239968843449397,1.135056642338165,-0.5712840773484976,FOLIAGE
0.20717337842359762,0.03857704289194574,-0.2864986778167932,-0.21109926524453004,-0.3984741987805706,-0.1263866661152225,0.013011758853057517,-0.08071256500338436,-0.857484687876835,-0.8838399386567289,-0.827161084942354,-0.859479539817346,0.45492323614634506,-0.4906108009066691,0.35860800393585596,-0.8583422222269171,1.8913569474905658,-0.5731950621322542,FOLIAGE
0.03174430798426095,0.3481762406234841,-0.2864986778167932,-0.21109926524453004,-0.13461174052452168,-0.12868573415361984,-0.3574923230209997,-0.1132659062053229,-0.8507815342055659,-0.9025978489122289,-0.7891131830458701,-0.8654763038526222,0.21462268712657498,-0.26556770902720345,0.2273395904213995,-0.8197933550985695,2.1648643829982595,-0.5880543154930916,FOLIAGE
-1.3716882555304324,0.10737686461006539,-0.2864986778167932,-0.21109926524453004,-0.4512466537021304,-0.12970753855604414,-0.4616965849763747,-0.11794354746399414,-0.9455833694776065,-0.9276083949816667,-0.9692065285884456,-0.9254439792864725,0.9355242822809707,-0.9406968674063266,0.6211448764038396,-1.0022579353245271,1.5595936403166448,-0.4835162655969128,FOLIAGE
0.8953951163009953,-0.06462268968523373,-0.2864986778167932,-0.21109926524453004,-0.2577476702657227,-0.10174898312035319,-0.3459137574588647,-0.11157379704629762,0.07138182306642119,0.09157128208181253,0.09613426793845264,0.022045229422402002,0.12811449640011302,0.23189580505472843,-0.5299782252933817,0.07710988168297646,-0.6664794110776808,-0.4268309419881604,CEMENT
1.2732423449395665,-0.7354209514369003,-0.2864986778167932,-0.21109926524453004,-0.2049753958260634,-0.12391730402953531,-0.4038053139774672,-0.109919317511799,0.06755147539502888,0.09469773785941482,0.09613426793845264,0.007053380051481007,0.19539866396695926,0.2555845768155683,-0.6410515800574801,0.07710988168297646,-0.6170070741254188,-0.39902970449684644,CEMENT
0.1531952029038017,-1.3374193914704473,-0.2864986778167932,-0.21109926524453004,-0.2225659534371715,-0.0959888043861912,-0.11434907360762443,-0.10383059013057969,0.41324299641675194,0.4260873628422746,0.45124798549016104,0.35186742676803423,-0.21791826650573481,0.604993493915847,-0.8026125589779382,0.4368992742912309,-0.7208046224770012,-0.4524208879258406,CEMENT
-0.7914228686926265,0.6405754829254926,-0.2864986778167932,-0.21109926524453004,0.3403408508863307,-0.038511233230136784,0.036168302265254686,-0.11509132881467336,-0.36815397862830357,-0.41489224135664465,-0.2843445683965261,-0.4187171066236565,-0.13141007577927286,0.2851954748920311,-0.3482219422515829,-0.30837860456600785,0.0122449322551915,-0.5119441521924839,CEMENT
0.8819005724210464,-0.3054220656986525,-0.2864986778167932,-0.21109926524453004,-0.011475810783320647,-0.07870230900709663,-0.0911926552405491,-0.10227533225860261,0.22363930001762378,0.23225560196384618,0.2813006737636539,0.14497902572355534,-0.10257395453165817,0.5872270616693092,-0.8934907004988375,0.2647143176439781,-0.5596996776393677,-0.4204708255165837,CEMENT
-1.1827646412111468,-0.7698208622959601,-0.2864986778167932,-0.21109926524453004,-0.2929290071323782,-0.12740848373727084,-0.010144555309749599,-0.08999180400242703,0.17384444417391134,0.2291293150074275,0.17983969639845815,0.11199673042972368,0.3684150454198832,0.18451831483271813,-0.7016368562745103,0.16191743423620558,-0.7227879658089654,-0.34992502666803466,CEMENT
0.9898569234606381,0.07297695375100556,-0.2864986778167932,-0.21109926524453004,0.1644323300705571,-0.030677398980086257,1.24030635056902,0.49186119721423216,0.09436406422505772,0.14159243612178887,0.09613426793845264,0.04603232874023145,0.35880303384007517,0.08976344098803776,-0.5299782252933817,0.07710988168297646,-0.7664113578207121,-0.36420963792661537,CEMENT
0.8953951163009953,-0.37422188741677215,-0.2864986778167932,-0.21109926524453004,-0.25774725864033554,-0.11357762681930987,-0.3111792653738005,-0.10732141074396706,0.20544502576703644,0.16972930009819562,0.29905635964123944,0.12698868774245678,-0.49666677533654574,0.8241142995806806,-0.8833931393163091,0.28270378727439094,-0.44206997230412004,-0.4834569481162086,CEMENT
1.597111398058342,-0.04742273425570382,-0.2864986778167932,-0.21109926524453004,0.7977022514162485,-0.03126223514740676,-0.2185534668603775,-0.1006729196591063,0.2782222003345269,0.3322979100437989,0.2813006737636539,0.2199385424326908,0.27229484311361324,0.2496624504999458,-0.7117344174570387,0.2647143176439781,-0.7825906411685309,-0.3657404136908118,CEMENT
1.4216823276190054,-0.09902260054429356,-0.2864986778167932,-0.21109926524453004,0.4282950321354891,-0.11013835333310593,-0.24171003111342823,-0.11066547772127908,0.050314742815957166,0.016539747979895852,0.1316457310085533,-0.01393528462707694,-0.3524866016394272,0.6109156202314698,-0.6713442636050658,0.11308891346104782,-0.3879956700239783,-0.4911086466189814,CEMENT
0.3556133611030363,-0.5806213525711311,-0.2864986778167932,-0.21109926524453004,2.046651029880662,-0.026260205300265266,-0.3922271089621003,-0.11550150553246338,-0.139288953583171,-0.15853409420197342,-0.06873986023027276,-0.2028334826177224,-0.06412590821242661,0.37995056193539123,-0.5804661220841665,-0.0899350943309495,-0.31652950361423726,-0.4528291204470955,CEMENT
0.6929769581017606,-0.39142184284630205,-0.2864986778167932,-0.21109926524453004,0.00611477849127888,-0.11369921747258872,-0.24170973934147727,-0.1128095560720311,0.47261383778665716,0.4886137209816532,0.5222706833430376,0.39384486406696223,-0.23714228966535053,0.7352817119506322,-1.0045641461410777,0.5088571065542586,-0.6801013920845869,-0.4269529115538888,CEMENT
-0.08970658693527982,0.055776998321475646,-0.2864986778167932,-0.21109926524453004,-0.39847415761803184,-0.1222994464363667,-0.16066197286433595,-0.09771179806810952,-0.42752484585325595,-0.47429228440274057,-0.35029424249274876,-0.4696896319567747,-0.08334993137204232,0.19044060104735053,-0.23714867836562617,-0.3751966181008898,0.06091399932222899,-0.5248201496336153,CEMENT
-1.115291921811402,-1.1310199263160883,-0.2864986778167932,-0.21109926524453004,-0.16979285574673786,-0.10906538887071186,-0.33433606929666815,-0.11575342055652588,0.7397827015163725,0.7449718118625964,0.8088979752185053,0.6457090021223751,-0.5543391043399656,1.0906126487671939,-1.2771985707037758,0.7992583334057873,-0.6882145015030757,-0.4426722363214291,CEMENT
1.2462532571796685,0.4341760177711337,-0.2864986778167932,-0.21109926524453004,0.04129655864681262,-0.07282691722610338,-0.3227576100228868,-0.11429270183457352,-0.2072781353875651,-0.32422896296713133,-0.05605719810934144,-0.2717963729173921,-0.9099838788256212,0.8892583819482381,-0.5602709088409675,-0.07708544342868279,0.2663075708506655,-0.5755874483513016,CEMENT
-1.4931391504499731,0.3997761069120739,3.4737964685286187,-0.21109926524453004,-0.32811081895140337,-0.1205964356120775,-0.3111792862146541,-0.11189684143025838,-0.6851177240567782,-0.702513483170413,-0.6470677416826517,-0.7065619476267199,0.39725110611176406,-0.29517866040333596,0.08597357937315775,-0.6758776443138907,0.2843139951668085,-0.4928246853039925,CEMENT
-1.3851827994103814,-0.6150212634301909,-0.2864986778167932,-0.21109926524453004,-0.01147562080237284,-0.10254949917810796,-0.29960106661068964,-0.11309953105217463,0.6966909993439292,0.6418034137842731,0.8291903441899112,0.585741388755067,-1.0733882486987374,1.4992436285187474,-1.4286619884417056,0.8198178858701093,-0.49940085852888816,-0.4903636190613411,CEMENT
0.07222793962410787,-1.561018812054336,-0.2864986778167932,-0.21109926524453004,-0.2577474802847748,-0.10742354697113266,-0.3690704321684398,-0.110911956562215,0.5789067807104927,0.5980348336571334,0.6135856131949255,0.5137801447724847,-0.2948144456523888,0.7175149599060752,-0.9136860046201782,0.6013743525057395,-0.7664058592863683,-0.45018740842807364,CEMENT
0.504053343782475,0.6233755274959627,-0.2864986778167932,-0.21109926524453004,0.07647821214838123,-0.10941723180833546,-0.07961424806890192,-0.10455756706089525,-0.283885709336542,-0.21793419352179755,-0.33000203332247,-0.2897866569275846,0.8394040713238818,-0.5557548299745568,0.06577847518372884,-0.35463722754174826,-0.9694340933049045,-0.2963673695310327,CEMENT
0.34211881722308735,0.6061755720664328,-0.2864986778167932,-0.21109926524453004,0.07647830713885516,-0.09394429411793662,-0.25328802146800267,-0.1152054208915829,-0.7406581660451969,-0.7306503471468196,-0.7257000550710733,-0.7605328806136564,0.6952237419120197,-0.5024551601372542,0.12636388771797144,-0.755545285621728,0.3512737827697033,-0.3867187942340529,CEMENT
0.517547887662424,-0.9418204165912593,-0.2864986778167932,-0.21109926524453004,-0.029066558375376646,-0.0806608434387559,-0.21855321677013378,-0.10961506591525821,0.5090024897080205,0.5355085317914831,0.5527089171978918,0.42682702443352866,-0.1698581220985043,0.7234371928210375,-1.0550519520537207,0.5396961114403804,-0.6957953088088051,-0.41292051181056,CEMENT
0.8414169407811994,-0.7354209514369003,-0.2864986778167932,-0.21109926524453004,-0.18738442658956816,-0.11514678699603662,-0.2648662827536744,-0.11220110360283117,0.08861855564549291,0.13533986220895178,0.08345171996118367,0.049030682423143776,0.35880303384007517,0.03646377115073509,-0.43910008377248233,0.06426034642726722,-0.7851930754793378,-0.3862373927987623,CEMENT
0.20717337842359762,-0.8558206394436096,-0.2864986778167932,-0.21109926524453004,-0.06424868682931502,-0.11246496440070412,-0.3806488956103919,-0.1091968215332928,0.23800320074177156,0.35730843079005914,0.16208396486340765,0.21094340042759444,0.9066882302399089,-0.33663391771038365,-0.37851462579916884,0.14392791834716973,-1.0868386226617028,-0.2187959441409126,CEMENT
1.5026495908986992,-0.09902260054429356,-0.2864986778167932,-0.21109926524453004,-0.3632922508085327,-0.12221467255097931,-0.27644450235763884,-0.1118750006920247,0.22746972525415754,0.1853609318383362,0.3294946619822915,0.14497902572355534,-0.5735630409913905,0.9011029010778329,-0.9338810361070938,0.3135428615484476,-0.40800593620811937,-0.48677712386047084,CEMENT
-0.17067385021497367,-0.5634213971416012,-0.2864986778167932,-0.21109926524453004,1.7300164333379662,0.02818714294283834,-0.2764446482436143,-0.11046883632619249,0.7263764717389761,0.6949507985069401,0.8165077048977125,0.6427106484394629,-0.8811476710698158,1.2268231530166112,-1.1661251250615357,0.8069682580971541,-0.6373231467956274,-0.4927619690919619,CEMENT
0.9763623795806892,-0.03022277882617391,-0.2864986778167932,-0.21109926524453004,6.250858797467313,0.26768636577691585,-0.34591407840801086,-0.11021309503750523,0.10202483713298359,0.12596080438164828,0.12403606981554362,0.05202903610605629,0.13772650797992103,0.23781798467002083,-0.5501734385365806,0.10537905815761563,-0.6275036002347305,-0.4201208844439341,CEMENT
0.2206679223035466,-1.8190181434972847,3.4737964685286187,7.177375018314023,0.5690215194877983,-0.02920333733007168,0.4992983368750518,-0.09569124612820831,0.19395393104276537,0.20724519376504172,0.22803366178836282,0.13898218343046545,-0.03528987347300289,0.397716994181929,-0.6410515800574801,0.21074595501136317,-0.6820130345287072,-0.4422523326850517,CEMENT
-0.6159937982532898,-1.6298186337724556,-0.2864986778167932,-0.21109926524453004,0.7449294386972366,-0.04500726221940308,-0.36907057180215924,-0.1127435410963829,0.6545567354228128,0.5761506280041561,0.8012885879702851,0.5497608207346821,-1.2560166417314693,1.564387550987295,-1.3478814081033346,0.791548755654093,-0.43405183357081806,-0.5156517191809966,CEMENT
0.5985151509421178,-0.35702193198724225,-0.2864986778167932,-0.21109926524453004,-0.29292919711332605,-0.12332126336869553,-0.35749222715307294,-0.11646040129073205,0.5463485540256631,0.5761506280041561,0.5856838798040318,0.4658060810640912,-0.1698581220985043,0.7234371928210375,-1.0550519520537207,0.5731052454190346,-0.7190774668571855,-0.41373909304427314,CEMENT
1.1248023622601278,-0.993420282879849,-0.2864986778167932,-0.21109926524453004,-0.16979386897846005,-0.10306132623571296,4.968503733562644,0.14271585423937716,0.5070872770897538,0.5542664786249064,0.46646698827392574,0.5047850297528417,0.022382282514035356,0.13121864499541547,-0.24724623954815475,0.4523186610877343,-0.994574184113935,-0.4042658028043398,CEMENT
0.8684060285410974,0.3653761960530141,-0.2864986778167932,-0.21109926524453004,-0.6095641102909347,-0.1314957006572486,-0.54274434520126,-0.11950276118265793,-0.958989689747668,-0.9276083949816667,-1.0047178912121235,-0.9254439792864725,1.0700925828113867,-1.1065180671934611,0.7625108783642672,-1.038236865333628,-1.861716715830985,0.8595566734544136,WINDOW
0.8684060285410974,0.3137763297644243,-0.2864986778167932,-0.21109926524453004,-0.6095641102909347,-0.1314957006572486,-0.54274434520126,-0.11950276118265793,-0.958989689747668,-0.9276083949816667,-1.0047178912121235,-0.9254439792864725,1.0700925828113867,-1.1065180671934611,0.7625108783642672,-1.038236865333628,-1.861716715830985,0.8595566734544136,WINDOW
1.1517914500200257,0.5201757949187833,-0.2864986778167932,-0.21109926524453004,-0.6095641102909347,-0.1314957006572486,-0.54274434520126,-0.11950276118265793,-0.958989689747668,-0.9276083949816667,-1.0047178912121235,-0.9254439792864725,1.0700925828113867,-1.1065180671934611,0.7625108783642672,-1.038236865333628,-1.861716715830985,0.8595566734544136,WINDOW
-0.9128737636121672,-0.5806213525711311,-0.2864986778167932,-0.21109926524453004,-0.06424843352138454,-0.10145431655107444,0.7424415946247684,-0.0712080154508283,-0.5194538880529433,-0.5618291632883793,-0.44414569563732986,-0.5626395406179147,0.03199429409384321,0.10160774691895287,-0.20685599481804023,-0.4702837849810993,0.2386729049805174,-0.5061859318007845,WINDOW
1.597111398058342,-0.4946215754234815,-0.2864986778167932,-0.21109926524453004,-0.3984741892815231,-0.1243430536318698,-0.4964313396561949,-0.11919852436175797,-0.9283466705100961,-0.9213557586049916,-0.9311586403892013,-0.9224455956497072,0.8201800395134469,-0.7807978685543525,0.46968130417306925,-0.9637090820737664,2.4393591353327353,-0.46866855509718525,WINDOW
1.4081877837390564,-0.3226220211281824,-0.2864986778167932,-0.21109926524453004,-0.4512467011973674,-0.11890320776938744,0.04774650102836551,-0.09854330315933138,-0.44763428101201563,-0.46803959794244754,-0.40863434671089144,-0.4696896319567747,0.1761746408073434,-0.09382434028471034,-0.025099711776241443,-0.4343048688495853,-0.20981478484600555,-0.5195828329130049,WINDOW
1.3677041520992095,0.1417767754691252,-0.2864986778167932,-0.21109926524453004,-0.6095641102909347,-0.1314957006572486,-0.54274434520126,-0.11950276118265793,-0.958989689747668,-0.9276083949816667,-1.0047178912121235,-0.9254439792864725,1.0700925828113867,-1.1065180671934611,0.7625108783642672,-1.038236865333628,-1.861716715830985,0.8595566734544136,WINDOW
0.9628678357007402,-0.4774216199939516,-0.2864986778167932,-0.21109926524453004,-0.06424849684836707,-0.10565842828396721,-0.26486626191282076,-0.10651466486241057,-0.7617252566376796,-0.7369029857744438,-0.7586748807048184,-0.7815215587849408,0.8490160915545089,-0.6031322668968971,0.1364614489005001,-0.7889542808245132,0.39297202793698105,-0.26219036857863753,WINDOW
-1.101797377931453,0.5029758394892534,-0.2864986778167932,-0.21109926524453004,0.006114905145244014,-0.09224127547682627,-0.2880228053250179,-0.1109841278152849,-0.9197283197335885,-0.89947153100526,-0.9387682216816474,-0.9074536763864629,0.9355242822809707,-0.887397208228958,0.5302667348829403,-0.9714188564246085,0.9917025059520972,-0.38017155515848283,WINDOW
-0.9533573952520141,0.17617668632818503,-0.2864986778167932,-0.21109926524453004,-0.1170208662785004,-0.10833474921663598,-0.4385400644891166,-0.11596600978642517,-0.8201385097969845,-0.8244398927969466,-0.7992592990453757,-0.8324940868166043,0.627939617599269,-0.5261438785984243,0.23743717886737054,-0.8300730619427961,0.9116182007414533,-0.4537646052130499,WINDOW
0.43658062438273015,-0.6494211742892507,-0.2864986778167932,-0.21109926524453004,-0.2225658584466975,-0.10295819477571744,-0.4964313146471705,-0.11773530457252611,-0.4696589804991366,-0.51806072384556,-0.39087861517584105,-0.5116670422702497,-0.06412590821242661,0.16675188258618034,-0.21695355600056884,-0.41631535296054956,0.1574526905509834,-0.526171818669589,WINDOW
-0.3865865522941572,-0.4946215754234815,-0.2864986778167932,-0.21109926524453004,-0.380883220045028,-0.12493910348896978,-0.45011828409308113,-0.1150913220377985,-0.4361432121427918,-0.4774185713591591,-0.3477576735425905,-0.49667511194296954,-0.02567786189319504,0.2615067564308609,-0.41890496140742495,-0.37262665091353797,0.12455513552482446,-0.47742278921697573,WINDOW
0.3691079049829853,0.5545757057778431,-0.2864986778167932,-0.21109926524453004,-0.4512466537021304,-0.11744586032228356,1.7034365935873534,1.2338944952570519,-0.7703436125851966,-0.7775451157513534,-0.7536018341194318,-0.7755248028453006,0.5606554500324229,-0.5142995193678392,0.2879250211312705,-0.7838144389670556,0.33769702170924143,-0.4970931070884358,WINDOW
1.1248023622601278,-1.5266189011952762,-0.2864986778167932,-0.21109926524453004,-0.06424837019440187,-0.09169931917174609,-0.45011831743844694,-0.11434978632665917,-0.5855278830941175,-0.6243555214277579,-0.5253145094897121,-0.6136120929364859,0.11850248482030516,-0.05829126259295516,-0.025099711776241443,-0.5525213240883536,0.24953572145367894,-0.5271145497872403,WINDOW
1.3137259765794134,-1.0450201491684388,-0.2864986778167932,-0.21109926524453004,-0.5216099543725693,-0.12572679007402818,-0.4038053139774672,-0.11377554875848972,-0.7933258718423661,-0.8119346239827573,-0.7434557181199262,-0.8264973173842376,0.47414725930596097,-0.3011008400186286,0.015290623832014691,-0.7735347321228292,1.1330405277415112,-0.4448842973991366,WINDOW
-0.022233867535534944,0.5029758394892534,-0.2864986778167932,-0.21109926524453004,-0.6095641102909347,-0.1314957006572486,-0.54274434520126,-0.11950276118265793,-0.958989689747668,-0.9276083949816667,-1.0047178912121235,-0.9254439792864725,1.0700925828113867,-1.1065180671934611,0.7625108783642672,-1.038236865333628,-1.861716715830985,0.8595566734544136,WINDOW
-1.4121718871702793,0.19337664175771493,-0.2864986778167932,-0.21109926524453004,-0.39847415761803184,-0.12945208484025159,-0.41538356275862676,-0.11703083734013803,-0.8823821442392429,-0.8963452102846047,-0.8575993872834058,-0.8894633734864532,0.5894915453275802,-0.5498325970595944,0.3182177319422989,-0.8891812965009737,1.7859353080469096,-0.5083332887292702,WINDOW
1.3272205204593623,-1.0450201491684388,-0.2864986778167932,-0.21109926524453004,-0.5040191181227377,-0.12464121225105242,-0.45011833411112984,-0.1143497850945001,-0.7923682681187375,-0.8119346239827573,-0.7434557181199262,-0.823498936715872,0.464535247726153,-0.30702301963392103,0.03548574619707203,-0.7735347321228292,1.0871270181696884,-0.45422439584726243,WINDOW
0.8009333091413524,0.382576151482544,-0.2864986778167932,-0.21109926524453004,-0.38088332453454926,-0.11743425326247407,-0.49643133757210955,-0.1167081679432535,-0.9446257735104919,-0.9182294401352853,-0.9768161075980185,-0.9224455956497072,1.0124204527768057,-0.9999187275188559,0.6413400169445252,-1.009967707362438,0.4598867715465315,-0.3722869473693142,WINDOW
1.3542096082192605,-1.1138199708865584,-0.2864986778167932,-0.21109926524453004,-0.5040190864592463,-0.12180199037457383,-0.45011831743844694,-0.1159678485784738,-0.7435309720450736,-0.7712924911921613,-0.6825791134378226,-0.7815215587849408,0.3491910222602673,-0.18265708781376822,-0.05539239532382737,-0.7118565835747163,0.8753315690871187,-0.466951297999057,WINDOW
-0.8993792197322182,-0.1678224222624132,-0.2864986778167932,-0.21109926524453004,0.4810673382386398,-0.10337280586769952,-0.3922270526917954,-0.11550151128253903,-0.41986407294532996,-0.45240799433917095,-0.35536726624940274,-0.46069448995167844,0.04160630567365106,0.10753003313358525,-0.2270511171830976,-0.3803364368290357,-0.037051407609792676,-0.5035863512248137,WINDOW
0.47706425602257707,-1.406219213188567,-0.2864986778167932,-0.21109926524453004,-0.3457016931974246,-0.11288100321208204,-0.4964313313198534,-0.11773530518860564,-0.9407953973985478,-0.9119768026331357,-0.9768161075980185,-0.9164488281063221,1.031644497563469,-1.0236074672998938,0.6615351574852109,-1.009967707362438,0.5006163949037961,-0.3236638633568114,WINDOW
0.47706425602257707,-0.21942228855100293,-0.2864986778167932,-0.21109926524453004,-0.34570178818789854,-0.11560422966989302,-0.45011848416527606,-0.11670816897005273,-0.1412041144913437,-0.161660465568984,-0.10678768679193958,-0.1608561262751534,-0.07373791979223461,0.12529646538012307,-0.1361729756621982,-0.1284838851325693,-0.5093231616996028,-0.5430558822501285,WINDOW
0.8279223969012505,-1.9050179206449342,-0.2864986778167932,-0.21109926524453004,-0.46883751844910426,-0.1252384392294578,-0.05645776717926567,-0.09931194657531901,-0.7971562531253197,-0.8181872597966952,-0.745992264241352,-0.8294957007511482,0.45492323614634506,-0.29517866040333596,0.02538818501454344,-0.7761046761808693,1.1616044459157702,-0.46016300550730777,WINDOW
0.23416246618349557,-0.20222233312147303,-0.2864986778167932,-0.21109926524453004,-0.2577474802847748,-0.12102530159708674,-0.4269618698941765,-0.11596785165887147,-0.21589650167710087,-0.2366920840814927,-0.18542002300909333,-0.2298189356184641,-0.016065763805196368,0.03646377115073509,-0.045294834141298784,-0.2081515495697177,-0.47395826035439637,-0.5529478577133219,WINDOW
1.7185622929778828,0.24497650804630466,-0.2864986778167932,-0.21109926524453004,-0.32811086961298946,-0.11898117688204098,-0.41538357526313896,-0.11218861022864457,-0.9398378040169378,-0.9182294401352853,-0.9641334774373125,-0.9224455956497072,0.9643603516236707,-0.9406968674063266,0.5908521746806253,-0.9971180888412072,1.4374038904793547,-0.4278611423422227,WINDOW
1.0978132745002298,-1.0622201045979687,-0.2864986778167932,-0.21109926524453004,-0.4336558427830917,-0.12221468013789397,-0.4385400978344824,-0.11478494599366525,-0.7760891651183417,-0.7963030203794806,-0.7257000550710733,-0.8085070117856826,0.44531119861408003,-0.283334247873081,0.015290623832014691,-0.755545285621728,0.9794469327237755,-0.45422439584726243,WINDOW
1.5431332225385461,-0.5118215308530114,-0.2864986778167932,-0.21109926524453004,0.48106711659420065,0.17879303862428897,-0.32275756834117947,-0.11064187027230223,-0.5864854764757276,-0.649366070310882,-0.482193545027729,-0.64359589962014,-0.10257395453165817,0.2496624504999458,-0.31792925870399696,-0.5088325989120305,0.6764170745350027,-0.51115385096849,WINDOW
1.1113078183801788,-0.13342251140335337,-0.2864986778167932,-0.21109926524453004,-0.27533838619428735,-0.12391730402953531,-0.5080095842691837,-0.11916049467571803,-0.9273890771284863,-0.9151031219469479,-0.9387682216816474,-0.9164488281063221,0.8682401406665818,-0.8400197180069479,0.5201691646125974,-0.9714188564246085,2.2438556235696208,-0.4650099170143777,WINDOW
-0.46755381557385106,0.19337664175771493,-0.2864986778167932,-0.21109926524453004,-0.48642831670274644,-0.13106994765229785,-0.34591407840801086,-0.11794354294607758,-0.9044068101148025,-0.89947153100526,-0.8981837987753435,-0.9074536763864629,0.78173194994012,-0.6978872739907525,0.3687055832940129,-0.9303000706804632,2.015768193179321,-0.4314119829276645,WINDOW
-0.521531991093647,1.2769738338180994,3.4737964685286187,3.4831378765347463,-0.09942980205153118,-0.09812038714506977,-0.27644437731251703,-0.10816828701955795,0.6756237898182291,0.6543085616099469,0.7708502399717686,0.576746273735424,-0.7465794224443144,1.220900920101649,-1.2973936021906913,0.7607096351214138,-0.6065877474382948,-0.46660263946653086,PATH
-1.6280845892494629,1.1393741903818602,-0.2864986778167932,-0.21109926524453004,0.041296843618234436,-0.04217276561132096,1.9002665769449933,1.057171567578667,-0.27526731719195896,-0.2679552350143179,-0.2513697199340485,-0.30777691395232404,0.2915188662732291,-0.05829126259295516,-0.20685599481804023,-0.27496958623391116,-0.6675557161842834,-0.4877528162592915,PATH
0.12620611514390376,1.1049742795228004,-0.2864986778167932,-0.21109926524453004,-0.011476000764268595,-0.09665673336253479,-0.10277070811768448,-0.10117739022458662,0.57603402642071,0.5542664786249064,0.6871449256554253,0.4598092387710013,-0.6696831567894697,1.250511658279102,-1.4286619884417056,0.675902198214742,-0.5092630297280184,-0.44445317153668024,PATH
1.7185622929778828,1.345773655536219,-0.2864986778167932,-0.21109926524453004,0.8504745258559079,-0.005159432256220331,0.6150808038457938,-0.05999693277716121,0.08287291779069227,0.07906613425613833,0.11388999947350298,0.049030682423143776,-0.10257395453165817,0.2851954748920311,-0.37851462579916884,0.09509939757201215,-0.6504195119075359,-0.5357351432261802,PATH
1.2732423449395665,0.9157747697979712,-0.2864986778167932,3.4831378765347463,0.05888762287378184,-0.0887809802594347,0.522454817764688,-0.09032633210889834,0.5999738609609564,0.5730243129108732,0.7226562745818635,0.47480122306918754,-0.7369674973726973,1.3511888716380844,-1.5296376911451333,0.7118811143462558,-0.47845078285469606,-0.44263722297606206,PATH
1.0843187306202808,1.15657414581139,-0.2864986778167932,-0.21109926524453004,-0.20497520584511544,-0.10854769321966122,-0.20697512221129113,-0.10796342927976844,0.3203563091253604,0.3322979100437989,0.3802252419798194,0.23493049974542388,-0.15063409893888857,0.6819820421133295,-1.0045641461410777,0.36494139576958007,-0.5825885365232014,-0.41503099571049995,PATH
1.043835098980434,1.2081740120999798,-0.2864986778167932,-0.21109926524453004,-0.25774725864033554,-0.11424564316012535,0.16352886379483927,-0.09394330527482941,0.11926156971205532,0.13846614916537042,0.15193791735009957,0.06102428605296456,0.08005435199288279,0.32665089209808856,-0.6410515800574801,0.13364828089087782,-0.6371418711153792,-0.4184929562653954,PATH
1.3272205204593623,0.6577754383550226,-0.2864986778167932,-0.21109926524453004,-0.16979326737212502,-0.06158720203025553,1.3329322741275649,0.19903329650144228,0.1278798842914968,0.08531870816897542,0.1874491977903405,0.09700488105880269,-0.49666677533654574,0.5220829260020817,-0.3684171554947817,0.16962712763445728,-0.5050459178159336,-0.604010781929435,PATH
-0.508037447213698,1.2597738783885695,3.4737964685286187,-0.21109926524453004,-0.18738461657051597,-0.1115115881059307,-0.07961431059146284,-0.10236664345990981,0.6334897327374899,0.6199191237207032,0.7226562745818635,0.5347688364364958,-0.6408472950664276,1.1439123186044966,-1.2771985707037758,0.7118811143462558,-0.5969384794889583,-0.4542365799784343,PATH
-0.2651356573746165,1.2081740120999798,-0.2864986778167932,-0.21109926524453004,0.41070387291804594,-0.08769483985524129,0.05932484567745176,-0.09714599986543422,0.5951858940529071,0.5667716827243082,0.7099736581183972,0.4807979304350122,-0.7465794224443144,1.2919670754851593,-1.4185645181373183,0.6990315097026122,-0.504830815152402,-0.45361435563760233,PATH
-0.6429828860131878,1.0705743686637403,-0.2864986778167932,-0.21109926524453004,0.32274997664030936,0.04468070228164672,0.7540197100244649,0.21028998343580177,-0.11726422824100301,-0.10538673761617054,-0.09917813974259207,-0.14886257661623886,0.20501067554676713,0.030541591535442492,-0.2674413619132121,-0.12077414547569443,-0.6724480481137932,-0.4776655740623214,PATH
-0.494542903333749,0.9845745915160908,-0.2864986778167932,-0.21109926524453004,-0.13461193050546963,-0.10995580090087803,0.2561547665125305,-0.08984186872627914,0.344296169520654,0.3448030578694731,0.4182730685414857,0.25292083772652246,-0.2755903359845821,0.8004257943181897,-1.0752469835406364,0.4034901865711994,-0.5380294699192302,-0.42857481179384743,PATH
1.2057696255398216,0.6577754383550226,-0.2864986778167932,-0.21109926524453004,0.5690214244973243,-0.11472095025913676,1.853953823574257,0.07479059051264685,0.08670329131713166,0.06656087388300809,0.1291091848871276,0.0550275517016866,-0.25636631282496625,0.3681060961054661,-0.3583195034341115,0.11051896940300762,-0.5506192220708339,-0.5505570746694286,PATH
0.9898569234606381,1.0361744578046805,-0.2864986778167932,-0.21109926524453004,-0.275338639502218,-0.10432880539569458,0.16352886379483927,-0.10310015083328398,0.4381404501936554,0.4479716529058444,0.5146611819511552,0.33387719672874777,-0.2659784109129652,0.8951807214625402,-1.2469057053999066,0.5011474131560067,-0.5481313772157527,-0.40692534213107595,PATH
0.8684060285410974,1.1049742795228004,-0.2864986778167932,-0.21109926524453004,-0.22256573179273229,-0.10842004452997661,0.09405946280763793,-0.09497232957179366,0.2954589329135986,0.3135399069366477,0.36246955610223386,0.19595155105667345,-0.07373791979223461,0.7115928335904523,-1.135832623270233,0.3469519261391672,-0.5167551126835754,-0.38929849543811207,PATH
-0.008739323655585971,1.17377410124092,-0.2864986778167932,-0.21109926524453004,0.4986583074751352,-0.06853319253570678,0.14037257047288587,-0.09075101934794864,0.5856099602368088,0.5605191088114714,0.7023640425828527,0.4658060810640912,-0.7081312896168919,1.2978892018007817,-1.4690523240499616,0.6913217006578031,-0.48219629647317763,-0.4457357116600067,PATH
0.7739442213814545,1.0877743240932702,3.4737964685286187,-0.21109926524453004,0.5514303602703552,-0.08450371227666323,-0.17224050508110503,-0.10675745051190101,0.2935436685852374,0.30416104606739214,0.36246955610223386,0.1989499317250389,-0.1410220873590807,0.7234371928210375,-1.0853447264794482,0.3469519261391672,-0.5221771954059092,-0.40570474869570605,PATH
0.3556133611030363,0.6921753492140824,-0.2864986778167932,-0.21109926524453004,0.04129655864681262,-0.07895778111540959,3.2433439274036484,0.31163928689543585,0.07521219659286058,0.04467661195630258,0.09106126701053101,0.0850112774289819,-0.3428745900596192,0.17267400890180304,0.06577847518372884,0.07453998388355912,-0.7011014824271702,-0.754834358209342,PATH
-0.17067385021497367,1.2769738338180994,-0.2864986778167932,-0.21109926524453004,0.7273391977210419,-0.0626658060992163,0.487720138111941,-0.08743793049247628,0.3423809827574342,0.3291715668136524,0.41573652242006004,0.264914306429078,-0.4005466595384666,0.7945035614032274,-0.9338810361070938,0.40092024251315916,-0.5582188123698818,-0.4686552808069086,PATH
0.1666897467837507,1.0189745023751506,-0.2864986778167932,-0.21109926524453004,-0.02906674835632459,-0.04285397628645618,0.2098419506192336,-0.02484704891015858,-0.0559782259629251,-0.042860323203064064,-0.025618895768289563,-0.10388683960530448,0.16656254271934476,0.16675188258618034,-0.4592952970156813,-0.046246369154626266,-0.6047246240612245,-0.42370462218353927,PATH
-1.6280845892494629,1.345773655536219,-0.2864986778167932,7.177375018314023,0.2523864163292416,-0.09289794363255686,0.5456111736092025,-0.08741965757350292,0.42952213561421404,0.39795049886586786,0.5298801847349198,0.33687560438256614,-0.6408472950664276,1.0550797309744482,-1.1257350620877047,0.5165667999525102,-0.5030975891506708,-0.47122395216590723,PATH
1.4891550470187502,1.2597738783885695,-0.2864986778167932,-0.21109926524453004,-0.08183927610391441,-0.1008414846686448,-0.07961431059146284,-0.10771235222655187,0.26290070622876915,0.24788731811457868,0.33203125376118187,0.192953089431949,-0.3524866016394272,0.6997485809592073,-0.8228078630992789,0.31611285186511057,-0.5674153090072084,-0.4708321361582309,PATH
0.5715260631822199,1.1393741903818602,-0.2864986778167932,-0.21109926524453004,0.5866121087623976,-0.08004900705149275,0.24457671363539513,-0.10364482264194508,0.5511365467887599,0.5167505849580599,0.6490968479777015,0.46280761943936677,-0.7658033590957394,1.1379901922888738,-1.135832623270233,0.637353152990696,-0.5617616720065864,-0.4879606518862762,PATH
1.6915732052179848,0.9157747697979712,-0.2864986778167932,3.4831378765347463,-0.09942980205153118,-0.10706031998300938,0.17510718760307203,-0.10209533948879843,0.42856454223260426,0.39795049886586786,0.5400264148780878,0.3218835661134741,-0.631235110470238,1.1320680659732512,-1.2671010095212472,0.5268466224432942,-0.46228605962582,-0.4564951331356123,PATH
1.610605941938291,1.2253739675295097,-0.2864986778167932,-0.21109926524453004,-0.06424849684836707,-0.10520773106696638,-0.0680359659423765,-0.0985805975339117,0.32705948865167667,0.32291885221649536,0.4030539744427914,0.23792885342833622,-0.3044264572321968,0.8004257943181897,-1.0449544817493337,0.38807070725745024,-0.5383159655526824,-0.43698718484376536,PATH
0.7199660458616586,1.0705743686637403,-0.2864986778167932,-0.21109926524453004,0.21720507946258621,-0.08996613449811977,0.10563782829757788,-0.09612150786024051,0.3088652144010893,0.31041361998022926,0.3802252419798194,0.2199385424326908,-0.23714228966535053,0.7530482507965099,-1.0348569205668052,0.36494139576958007,-0.5419094117053503,-0.42695034647364205,PATH
1.4081877837390564,1.2425739229590396,-0.2864986778167932,-0.21109926524453004,0.7097478168591596,-0.07912494843423198,0.3140462813494257,-0.09642407068009914,0.2743918526631346,0.2666451242636819,0.3396408236392619,0.20194833937885728,-0.2948144456523888,0.6819820421133295,-0.8531006375250064,0.323822614651297,-0.5848332581837348,-0.45678133196413273,PATH
-1.614590045369514,1.5005732544019883,-0.2864986778167932,3.4831378765347463,0.07647837046583784,-0.0931013557118864,0.3835157240183343,-0.09266884207918237,0.3672784365343376,0.3510557161929021,0.46393062478235975,0.264914306429078,-0.448606717437506,0.9780911827769657,-1.1964178994872632,0.449748902064186,-0.4647969103485958,-0.4363831084456784,PATH
-0.08970658693527982,0.9845745915160908,-0.2864986778167932,-0.21109926524453004,0.006114968472226687,-0.09742375664064681,0.10563782829757788,-0.10832437898384725,0.2964165262952084,0.3135399069366477,0.34217732410322266,0.2229370040574152,-0.08334993137204232,0.5635382899084694,-0.873295669011922,0.3263925124507142,-0.6352260497851576,-0.4204454953491479,PATH
-0.521531991093647,1.2081740120999798,-0.2864986778167932,-0.21109926524453004,0.4282952537799283,-0.09351148362702176,-0.07961431059146284,-0.10092344840153775,0.6287016882642995,0.5824033426013131,0.7429485065808747,0.5317704827535834,-0.9388197405486632,1.3156557406466596,-1.257003266582435,0.7324405280347088,-0.5439205556269571,-0.49312223461260424,PATH
1.0708241867403319,0.571775661207373,-0.2864986778167932,-0.21109926524453004,-0.4512465587116565,-0.12508392412541644,-0.12592735573414982,-0.11377554999064877,-0.34612933085127684,-0.4399027339660408,-0.4238534636383186,-0.1608561262751534,-0.5831749660630077,-0.8281753427864619,2.02470729847433,-0.3829063577577643,-0.1504230039608876,2.696750895977498,GRASS
-0.7239501492928816,0.9845745915160908,3.4737964685286187,-0.21109926524453004,-0.2225659534371715,-0.11855282657732237,0.0824812640445271,-0.10033586357294781,-0.3815602859708414,-0.41176586998963405,-0.5151683934902065,-0.19084001391516667,0.03199429409384321,-1.2486505218695907,2.0953903176301725,-0.40860563643298636,-0.42161714008771134,2.43312483775472,GRASS
-0.8723901319723203,1.0017745469456207,3.4737964685286187,-0.21109926524453004,-0.08183927610391441,-0.10390690856657024,0.013011758853057517,-0.09805408056231331,-0.4514646803935023,-0.4461554204263338,-0.5963372073425889,-0.2807914609515823,0.4164751638746562,-1.3848607916004605,1.923731595770902,-0.48570328742416025,-0.6050118674953472,2.263383602274727,GRASS
-0.2921247451345144,1.6037729869791677,-0.2864986778167932,-0.21109926524453004,-0.32811086961298946,-0.11650920604724199,-0.09119259271798828,-0.10775161702884122,-0.5826551288043352,-0.6212292063344753,-0.6927252066085956,-0.40972201858946633,0.11850248482030516,-1.2486505218695907,2.004512176109273,-0.5962100492646768,0.03723845413275205,2.429095096687228,GRASS
-0.48104835945380003,1.6897727641268172,-0.2864986778167932,-0.21109926524453004,-0.16979342568958156,-0.09735033599828744,-0.24170978102318458,-0.10322608159719547,-0.5951038427652633,-0.6274818365210403,-0.7206269856569542,-0.40972201858946633,0.18578665238715128,-1.367094236764682,2.135780562360287,-0.5962100492646768,0.1002111005239593,2.3455152914543533,GRASS
-1.574106413729667,1.3113737446771592,-0.2864986778167932,-0.21109926524453004,-0.08183911778645779,-0.11336042885622333,-0.2532879589454417,-0.11218861022864457,-0.5711639823699698,-0.5524502180085318,-0.7358461482418465,-0.3887332729545494,0.6375516291790769,-1.6217482267206105,2.0953903176301725,-0.578220533375641,-0.06310399119025362,2.081370189243666,GRASS
1.016846011220536,2.1885714715831845,-0.2864986778167932,-0.21109926524453004,0.11165983398645857,-0.0988318259274773,-0.24170978102318458,-0.10897192067266938,-0.7205487050313899,-0.7431556272157545,-0.8373071826788735,-0.5536443986128186,0.378027056999691,-1.4085495207215648,2.004512176109273,-0.7195663463609026,0.6165400150028338,2.2658205567630603,GRASS
0.517547887662424,0.7437752155026721,-0.2864986778167932,-0.21109926524453004,-0.04665765426583713,-0.10629111719123034,-0.033301140403653985,-0.10870235404584341,-0.5204114814345532,-0.5805870819849385,-0.6318485790977596,-0.32576727891887564,-0.13141007577927286,-1.2071952165928401,2.1963660203336,-0.5242521938723375,0.10110036748632159,2.4728802469735243,GRASS
0.8279223969012505,0.8641749035093815,-0.2864986778167932,-0.21109926524453004,-0.15220255144356035,-0.11242195464128849,-0.10277070811768448,-0.0991188939461969,-0.5156235145265039,-0.5461975878219667,-0.6496042878040775,-0.3227688442796041,0.13772650797992103,-1.3611720411594888,2.1761708070904016,-0.5216822266849857,-0.11787519970727231,2.3554723558288058,GRASS
-1.6550736770093608,2.102571694435535,-0.2864986778167932,-0.21109926524453004,-0.011475969100777259,-0.08176777428819294,0.1172160270606887,-0.08584656111862383,-0.7933258718423661,-0.7525345724956022,-0.8677454964342917,-0.73654580828128,1.0220324730074328,-1.171662106921283,0.9240720208653805,-0.8711918361222856,-1.0213234539898992,1.9860405850519531,GRASS
-0.8454010442124223,1.724172674985877,-0.2864986778167932,-0.21109926524453004,0.18202317265308704,6.192839665422598e-05,-0.19539679840305846,-0.09440322712921859,-0.7866227130000878,-0.7900503901929157,-0.8981837987753435,-0.64359589962014,0.6087155511855578,-1.4263160862172772,1.7924631186417466,-0.7966640436106993,0.7474469212474909,2.1719720940327716,GRASS
1.583616854178393,1.0361744578046805,-0.2864986778167932,-0.21109926524453004,-0.134611772188013,-0.1099558084877927,-0.09119250935457367,-0.10103940175739888,-0.5615880485538712,-0.5712081085682269,-0.7206269856569542,-0.3587494662708952,0.3684150454198832,-1.5743707364986004,2.29734181391517,-0.5525213240883536,-0.013135686440176271,2.190752264931637,GRASS
1.016846011220536,1.5865730315496378,-0.2864986778167932,-0.21109926524453004,-0.1170208029515178,-0.10946159801613037,0.44140703044669316,-0.09234339293144121,-0.3633660117202543,-0.4461554204263338,-0.4898031605632738,-0.13087229260604624,-0.46783091361350365,-1.183506476811802,2.509390598748271,-0.35720712534116544,-0.010835495565182006,2.5018805312261363,GRASS
-0.9128737636121672,0.9329747252275011,-0.2864986778167932,-0.21109926524453004,-0.3105198655466538,-0.11880827270620029,-0.24170982270489183,-0.10185701117473524,-0.4524222996301593,-0.48367120154572424,-0.5836545908791224,-0.2628012039268428,0.08005435199288279,-1.2901058164864072,2.1155854399952294,-0.4702837849810993,-0.28257988102086307,2.40710934500412,GRASS
-0.8319065003324734,1.6725728086972873,-0.2864986778167932,-0.21109926524453004,0.3579315984783867,0.21940966674380205,0.22142029526831988,-0.05698209007761381,-0.747361345571513,-0.7431556272157545,-0.8575993872834058,-0.6136120929364859,0.6471636407588849,-1.3848607916004605,1.68138985475579,-0.770964834323412,0.27926862802944064,2.201830910643938,GRASS
-0.10320113081522879,1.741372630415407,-0.2864986778167932,-0.21109926524453004,0.35793147182442137,-0.07264748669430636,0.09405952533019883,-0.08847774234207788,-0.4351855670510875,-0.4930501468255717,-0.598873730635282,-0.18184484492461747,-0.17947022018650324,-1.503304511825519,2.751732521519667,-0.40089585051748866,0.08043696339868077,2.3371411381001113,GRASS
1.4621659592588523,1.5177732098315182,3.4737964685286187,-0.21109926524453004,0.2347956687371856,0.008491832045857616,-0.19539679840305846,-0.10170490832542747,-0.5596728359356044,-0.5774607387547919,-0.6572138576821573,-0.4217154872920221,0.2915188662732291,-1.1420511821949852,1.6409996100256754,-0.6064896867209688,-0.3862555378631112,2.4979789159169643,GRASS
1.4486714153789033,0.8985748143684413,-0.2864986778167932,-0.21109926524453004,-0.24015663770224482,-0.1171585116770577,0.04774650102836551,-0.09724227564098485,-0.5615880485538712,-0.5774607387547919,-0.6952617527300216,-0.38273656558872454,0.31074288943284495,-1.3967051721509138,2.0549999820219162,-0.5730807377768066,-0.15755667045377503,2.297409712381613,GRASS
-1.2907209922507386,1.2425739229590396,-0.2864986778167932,-0.21109926524453004,-0.46883751844910426,-0.12221468496593059,-0.4153836231971023,-0.11251627962434571,-0.5443513418298468,-0.5211870108019784,-0.7003347993154081,-0.3767397502810877,0.6567756782911499,-1.538837605507175,1.9338291569534307,-0.5679408496607261,-0.35596754324826896,2.105569989941672,GRASS
-0.8319065003324734,1.345773655536219,-0.2864986778167932,-0.21109926524453004,-0.15220255144356035,-0.11037836055045618,-0.34591410341703516,-0.1138363511878821,-0.7578948805257355,-0.7525345724956022,-0.8778916055851774,-0.6136120929364859,0.6663877071725961,-1.4618491905588673,1.7924631186417466,-0.770964834323412,0.5277319551436102,2.13118674096793,GRASS
-0.42707018393400414,1.947772095569766,3.4737964685286187,-0.21109926524453004,-0.04665762260234586,-0.06950609019181647,-0.1259272932115889,-0.10991930169909095,-0.6353228165029715,-0.6587450437275936,-0.7586748807048184,-0.46069448995167844,0.30113087785303694,-1.3848607916004605,2.044902420839388,-0.6398987050530655,0.10564382840878275,2.313442489955294,GRASS
-0.7104556054129326,1.17377410124092,3.4737964685286187,-0.21109926524453004,-0.20497507919115024,-0.11983007216563474,0.10563782829757788,-0.07219394601120045,-0.5663760154619205,-0.5868397121715034,-0.6648234275602373,-0.4247139219312935,0.27229484311361324,-1.1538955520855045,1.68138985475579,-0.6090596539083205,-0.32050041315254174,2.4917999582378076,GRASS
-0.9803464830119121,0.8125750372207917,-0.2864986778167932,-0.21109926524453004,-0.4336557984542039,-0.12102529630923714,-0.34591407840801086,-0.11550150306814524,-0.3011223643504722,-0.36174482849711365,-0.42638998693101193,-0.09189328994638975,-0.31403846881200465,-1.1242846241612265,2.246853917124385,-0.32379810700906875,-0.32603466597549013,2.529432378790469,GRASS
1.4621659592588523,1.0533744132342104,-0.2864986778167932,-0.21109926524453004,-0.45124659037514775,-0.12970753922277303,-0.380648833087831,-0.1114404877031693,-0.652559523226996,-0.6524923854041645,-0.7789670898750971,-0.49667511194296954,0.531819389340542,-1.4203939066019846,1.8631461377975889,-0.6707378024564334,-0.07774781981962074,2.224593432752739,GRASS
1.5161441347786482,1.17377410124092,-0.2864986778167932,-0.21109926524453004,-0.29292919711332605,-0.12434305501130882,-0.23013154057836643,-0.10912068231730535,-0.7693860062760631,-0.7775451157513534,-0.8804281197463778,-0.6226072349415821,0.5510434384526149,-1.4085495207215648,1.822755893067474,-0.7786745971095981,0.4952617022183803,2.2206026809049955,GRASS
-1.1962591850910957,2.0681717835764752,3.4737964685286187,-0.21109926524453004,-0.011475905773794585,-0.08892043464814905,-0.12592727237073525,-0.11220108512044513,-0.6142557362525076,-0.649366070310882,-0.7282365783637665,-0.4397058252731205,0.1761746408073434,-1.3019501917068934,2.034804859656859,-0.6219092585519642,0.12755887486618298,2.378283293827262,GRASS
0.8279223969012505,1.6381728978382275,-0.2864986778167932,-0.21109926524453004,-0.24015673269271876,-0.11438044309164677,-0.2996010874515433,-0.11277152681724684,-0.6046797765813617,-0.6274818365210403,-0.7155539390715677,-0.4457025596243983,0.28190685469342125,-1.2723392669805957,1.8732436989801176,-0.6270490772801102,-0.09626125299054135,2.3875002684235485,GRASS
0.9763623795806892,1.947772095569766,-0.2864986778167932,-0.21109926524453004,0.1644323300705571,0.0255218897093184,0.15195076923599668,-0.04146604076700231,-0.5433937484482368,-0.5587028481950967,-0.6242389863909474,-0.4277122756142058,0.30113087785303694,-1.011763097409375,1.4087554301930918,-0.6090596539083205,-0.5740530516905552,2.648572019736709,GRASS
1.1248023622601278,2.0165719172878855,3.4737964685286187,-0.21109926524453004,-0.27533832286730475,-0.11165561395558972,-0.03330126544877581,-0.06808674501181199,-0.5931886301469965,-0.6212292063344753,-0.7079443691934878,-0.4247139219312935,0.224234698706383,-1.2901058164864072,1.964121840501017,-0.6090596539083205,-0.0070788089249137496,2.393787151854083,GRASS
1.3272205204593623,1.0705743686637403,-0.2864986778167932,-0.21109926524453004,-0.4512466537021304,-0.12345809751297285,-0.044879568416154855,-0.09813737246168851,-0.623831670068606,-0.6024713157747802,-0.7815036131677904,-0.45169937493203527,0.7048357707934659,-1.615825993805648,2.0146097372918015,-0.6321889653961907,0.09760035242922446,2.03875593396296,GRASS
